id,name,uri,artist,acousticness,danceability,duration_ms,energy,instrumentalness,key,liveness,loudness,mode,speechiness,tempo,time_signature,valence
3XIIOCu6B8PuGq5j61asEM,The Greatest,spotify:track:3XIIOCu6B8PuGq5j61asEM,"Sia, Kendrick Lamar, ",0.0109,0.666,210893,0.723,0.00047,1,0.0507,-6.164,1,0.268,192.024,4,0.731
1vvNmPOiUuyCbgWmtc6yfm,My Way,spotify:track:1vvNmPOiUuyCbgWmtc6yfm,"Calvin Harris, ",0.0935,0.819,219160,0.913,0.0000372,4,0.161,-3.059,0,0.0427,119.989,4,0.523
7BKLCZ1jbUBVqRi2FVlTVw,Closer,spotify:track:7BKLCZ1jbUBVqRi2FVlTVw,"The Chainsmokers, Halsey, ",0.414,0.748,244960,0.524,0,8,0.111,-5.599,1,0.0338,95.01,4,0.635
1mSlftOO1dlDRXAyOE0Sbd,Treat You Better,spotify:track:1mSlftOO1dlDRXAyOE0Sbd,"Shawn Mendes, ",0.128,0.448,187973,0.817,0,10,0.105,-4.069,0,0.386,83.015,4,0.718
4Ce37cRWvM1vIGGynKcs22,Starving,spotify:track:4Ce37cRWvM1vIGGynKcs22,"Hailee Steinfeld, Grey, Zedd, ",0.39,0.712,181880,0.62,0,4,0.0994,-4.187,1,0.0888,99.953,4,0.519
4nA0biSjtvOL41Hd9MBXqR,Ain't My Fault,spotify:track:4nA0biSjtvOL41Hd9MBXqR,"Zara Larsson, ",0.00778,0.576,224031,0.782,0,6,0.285,-4.825,0,0.0296,141.153,4,0.353
0azC730Exh71aQlOt9Zj3y,This Is What You Came For,spotify:track:0azC730Exh71aQlOt9Zj3y,"Calvin Harris, Rihanna, ",0.199,0.63,222160,0.928,0.124,9,0.148,-2.787,0,0.0331,123.963,4,0.46
4dASQiO1Eoo3RJvt74FtXB,"Sucker For Pain (with Wiz Khalifa, Imagine Dragons, Logic & Ty Dolla $ign feat. X Ambassadors)",spotify:track:4dASQiO1Eoo3RJvt74FtXB,"Lil Wayne, Wiz Khalifa, Imagine Dragons, Logic, Ty Dolla $ign, X Ambassadors, ",0.255,0.502,243491,0.786,0,9,0.65,-4.378,0,0.317,169.021,4,0.734
5GQBDz6S6KuurT5GXFtfiV,Come First,spotify:track:5GQBDz6S6KuurT5GXFtfiV,"Terror Jr, ",0.123,0.749,171789,0.198,0.000451,5,0.0866,-11.747,1,0.323,95.084,4,0.366
2meEiZKWkiN28gITzFwQo5,Into You,spotify:track:2meEiZKWkiN28gITzFwQo5,"Ariana Grande, ",0.0153,0.636,244453,0.728,0.00000146,9,0.154,-5.871,1,0.0999,107.986,4,0.384
7zsXy7vlHdItvUSH8EwQss,Cold Water,spotify:track:7zsXy7vlHdItvUSH8EwQss,"Major Lazer, Justin Bieber, MØ, ",0.055,0.602,185360,0.797,0,6,0.187,-5.084,0,0.0534,92.928,4,0.487
23L5CiUhw2jV1OIMwthR3S,In the Name of Love,spotify:track:23L5CiUhw2jV1OIMwthR3S,"Martin Garrix, Bebe Rexha, ",0.109,0.501,195707,0.519,0,4,0.454,-5.88,0,0.0409,133.99,4,0.157
66dMATdBD3yBL8RjoGVuxf,Perfect Illusion,spotify:track:66dMATdBD3yBL8RjoGVuxf,"Lady Gaga, ",0.00163,0.615,181507,0.854,0,1,0.358,-5.478,0,0.0388,124.992,4,0.672
1pKeFVVUOPjFsOABub0OaV,Side To Side,spotify:track:1pKeFVVUOPjFsOABub0OaV,"Ariana Grande, Nicki Minaj, ",0.0373,0.65,226160,0.728,0,6,0.328,-5.914,0,0.232,159.167,4,0.624
0lYBSQXN6rCTvUZvg9S0lU,Let Me Love You,spotify:track:0lYBSQXN6rCTvUZvg9S0lU,"DJ Snake, Justin Bieber, ",0.0771,0.652,205947,0.713,0.0000102,8,0.144,-5.311,1,0.0368,100.023,4,0.147
0qRZ9ydGdzeVk3S01pLGoJ,You & Me,spotify:track:0qRZ9ydGdzeVk3S01pLGoJ,"Marc E. Bassy, G-Eazy, ",0.0362,0.687,218480,0.645,0,1,0.201,-8.38,1,0.19,84.925,4,0.628
4qqArAiTPueDxIp7cf87h7,Final Song,spotify:track:4qqArAiTPueDxIp7cf87h7,"MØ, ",0.014,0.695,235827,0.672,0.0000844,1,0.0756,-6.109,0,0.0345,104.988,4,0.272
0ckCyt1ghA2YpcLRm1q68s,In My Mind,spotify:track:0ckCyt1ghA2YpcLRm1q68s,"Maty Noyes, ",0.461,0.764,212027,0.631,0,0,0.0413,-3.814,0,0.0251,102.074,4,0.769
6i0V12jOa3mr6uu4WYhUBr,Heathens,spotify:track:6i0V12jOa3mr6uu4WYhUBr,"Twenty One Pilots, ",0.0841,0.732,195920,0.396,0.0000358,4,0.105,-9.348,0,0.0286,90.024,4,0.547
0prNGof3XqfTvNDxHonvdK,Scars To Your Beautiful,spotify:track:0prNGof3XqfTvNDxHonvdK,"Alessia Cara, ",0.0294,0.591,230227,0.741,0,0,0.11,-5.751,1,0.139,97.048,4,0.439
72xvRETEsd5hS1RfduciRi,Let Me Hold You (Turn Me On),spotify:track:72xvRETEsd5hS1RfduciRi,"Cheat Codes, Dante Klein, ",0.0992,0.681,162425,0.774,0,1,0.35,-3.167,0,0.0787,102.924,4,0.289
3xeHFCZZvMGVK0LrJld3Yb,Slumber Party,spotify:track:3xeHFCZZvMGVK0LrJld3Yb,"Britney Spears, ",0.208,0.728,214080,0.767,0,9,0.0795,-7.022,0,0.0679,135.025,4,0.472
7fJtPlEZKxu6gvkfBFc5tW,Too Good,spotify:track:7fJtPlEZKxu6gvkfBFc5tW,"Drake, Rihanna, ",0.0606,0.804,263373,0.65,0.0000705,7,0.102,-7.79,1,0.118,117.984,4,0.391
6vJ0Fezf6Etha2C4H21FKO,Cool Girl,spotify:track:6vJ0Fezf6Etha2C4H21FKO,"Tove Lo, ",0.351,0.667,197816,0.72,0.00000426,9,0.138,-7.026,0,0.11,101.964,4,0.249
4NFoWbS7vtaeB2h4DexoFk,Millionaire (feat. Nelly) - Alan Walker Remix,spotify:track:4NFoWbS7vtaeB2h4DexoFk,"Cash Cash, Digital Farm Animals, Nelly, Alan Walker, ",0.0186,0.602,189338,0.807,0,5,0.148,-4.577,1,0.0545,96.044,4,0.453
1CUVN2kn7mW5FjkqXTR2W1,Perfect Strangers,spotify:track:1CUVN2kn7mW5FjkqXTR2W1,"Jonas Blue, JP Cooper, ",0.372,0.742,196613,0.819,0,1,0.277,-5.307,1,0.0487,117.986,4,0.697
1i1fxkWeaMmKEB4T7zqbzK,Don't Let Me Down,spotify:track:1i1fxkWeaMmKEB4T7zqbzK,"The Chainsmokers, Daya, ",0.157,0.532,208373,0.869,0.00508,11,0.136,-5.094,1,0.172,159.803,4,0.419
4qH3RkbFgzxYyXUD8YC8kr,Capsize,spotify:track:4qH3RkbFgzxYyXUD8YC8kr,"FRENSHIP, Emily Warren, ",0.042,0.681,237581,0.708,0.14,5,0.676,-6.019,0,0.0304,92.993,4,0.359
6s3GEN8wK0OMzzzZbXj0fu,Hymn For The Weekend - Seeb Remix,spotify:track:6s3GEN8wK0OMzzzZbXj0fu,"Coldplay, Seeb, ",0.00868,0.565,212647,0.849,0.00000468,0,0.12,-3.516,0,0.0517,102.034,4,0.43
52wTKeWYVIAtSESw0haRB1,LUV,spotify:track:52wTKeWYVIAtSESw0haRB1,"Tory Lanez, ",0.0121,0.524,228027,0.505,0.00000128,11,0.225,-8.256,0,0.275,189.978,4,0.3
7xsktt3inEVSrjzPg5S0ce,CRZY,spotify:track:7xsktt3inEVSrjzPg5S0ce,"Kehlani, ",0.209,0.824,191720,0.711,0.0000414,6,0.144,-7.279,1,0.222,130.027,4,0.659
1KqquoEp6nWY1s46lwFoTF,Still Falling For You - Jonas Blue Remix,spotify:track:1KqquoEp6nWY1s46lwFoTF,"Ellie Goulding, ",0.321,0.678,188053,0.748,0,1,0.305,-7.626,1,0.0436,123.009,4,0.524
37FXw5QGFN7uwwsLy8uAc0,We Don't Talk Anymore (feat. Selena Gomez),spotify:track:37FXw5QGFN7uwwsLy8uAc0,"Charlie Puth, Selena Gomez, ",0.621,0.728,217707,0.563,0,1,0.179,-8.053,0,0.134,100.017,4,0.35
3UHS5JIivOXh3pEFtxyIO2,Write On Me,spotify:track:3UHS5JIivOXh3pEFtxyIO2,"Fifth Harmony, ",0.359,0.441,219560,0.692,0.00000194,7,0.161,-5.427,0,0.128,189.879,4,0.475
2CPqh63wRVscbceKcPxwvv,The Ocean,spotify:track:2CPqh63wRVscbceKcPxwvv,"Mike Perry, Shy Martin, ",0.0225,0.632,183414,0.575,0.00000181,5,0.104,-6.478,1,0.029,90.037,4,0.229
7xrA11O07xo57Bbg6p4hck,Body Say,spotify:track:7xrA11O07xo57Bbg6p4hck,"Demi Lovato, ",0.00589,0.63,193893,0.74,0.00000153,5,0.248,-4.786,0,0.0381,87.01,4,0.274
1Vr0QupON4oPqAc2yqnfjF,WILD - Young Bombs Remix,spotify:track:1Vr0QupON4oPqAc2yqnfjF,"Troye Sivan, Alessia Cara, Young Bombs, ",0.0681,0.522,202778,0.834,0,10,0.126,-2.752,1,0.0347,100.005,4,0.336
5jJnlACnwFvyqNXmUZu8Nd,False Alarm,spotify:track:5jJnlACnwFvyqNXmUZu8Nd,"Matoma, Becky Hill, ",0.00681,0.643,224272,0.732,0.0000457,5,0.0606,-6.762,0,0.0294,102.979,4,0.182
7kJlTKjNZVT26iwiDUVhRm,Blow Your Mind (Mwah),spotify:track:7kJlTKjNZVT26iwiDUVhRm,"Dua Lipa, ",0.0188,0.654,178583,0.796,0,2,0.0948,-4.761,0,0.122,108.854,4,0.505
3cNjgVBKTJ1SvKhunrCdVy,Please Don't Go,spotify:track:3cNjgVBKTJ1SvKhunrCdVy,"Joel Adams, ",0.0118,0.513,210580,0.768,0.0000194,4,0.294,-4.868,0,0.0587,84.264,4,0.235
0OwX5aROoW1Iip8FV51Efg,Alarm,spotify:track:0OwX5aROoW1Iip8FV51Efg,"Anne-Marie, ",0.0812,0.756,205593,0.589,0,0,0.176,-5.093,1,0.232,146.928,4,0.817
3YlrH4ydAKkxuej6F4Nnkl,This Girl (Kungs Vs. Cookin' On 3 Burners),spotify:track:3YlrH4ydAKkxuej6F4Nnkl,"Kungs, Cookin' On 3 Burners, ",0.0865,0.786,195561,0.69,0.0000903,3,0.238,-4.665,1,0.04,122.006,4,0.477
6y0igZArWVi6Iz0rj35c1Y,Never Be Like You (feat. Kai),spotify:track:6y0igZArWVi6Iz0rj35c1Y,"Flume, Kai, ",0.446,0.54,234910,0.59,0,0,0.14,-4.359,1,0.0528,119.878,4,0.254
2bvJM2iIdMlWEG9lk8dxxw,Something Wrong,spotify:track:2bvJM2iIdMlWEG9lk8dxxw,"Timeflies, ",0.0441,0.712,234988,0.775,0,7,0.185,-5.452,0,0.298,94.928,4,0.514
5ArQzSBevAdXTxRY6Ulhbq,Mama Said,spotify:track:5ArQzSBevAdXTxRY6Ulhbq,"Lukas Graham, ",0.0447,0.712,206903,0.799,0.000064,7,0.37,-4.564,0,0.0703,83.996,4,0.6
4KH2V5CGcMeWFI7AciTmbZ,Kids,spotify:track:4KH2V5CGcMeWFI7AciTmbZ,"OneRepublic, ",0.0144,0.599,240147,0.733,0,2,0.347,-6.072,1,0.0415,100,4,0.215
4Z1t1aMRif8ES212kTN8H2,Whole Heart,spotify:track:4Z1t1aMRif8ES212kTN8H2,"Gryffin, Bipolar Sunshine, ",0.0427,0.5,225200,0.677,0.0000132,9,0.171,-7.237,1,0.0869,163.951,4,0.208
4QPDhJZOme7hpreUuOSLWE,Be As You Are - JordanXL Remix,spotify:track:4QPDhJZOme7hpreUuOSLWE,"Mike Posner, ",0.0608,0.664,203533,0.692,0,2,0.216,-5.49,1,0.0495,169.906,4,0.225
3WG7UMFxPC9MWbxhJIv4lN,Burn Brighter,spotify:track:3WG7UMFxPC9MWbxhJIv4lN,"Pavlova, ",0.0292,0.736,212667,0.806,0.00237,8,0.485,-4.714,0,0.147,127.984,4,0.422
3EVBx6WnnMj0qGpcPHjECA,Hurts So Good,spotify:track:3EVBx6WnnMj0qGpcPHjECA,"Astrid S, ",0.0747,0.671,208729,0.609,0,7,0.0958,-5.02,0,0.0508,120.054,4,0.38
3mVQUlrhWN5Z1i1HUhU8ZH,Overnight,spotify:track:3mVQUlrhWN5Z1i1HUhU8ZH,"Jake Miller, ",0.0086,0.616,217087,0.811,0,6,0.273,-4.232,0,0.0427,102.014,4,0.632
62aXseVSNAFLRweK5nyb3F,All In My Head (Flex),spotify:track:62aXseVSNAFLRweK5nyb3F,"Fifth Harmony, Fetty Wap, ",0.0243,0.691,210587,0.79,0,0,0.0453,-5.216,0,0.0561,95.047,4,0.733
3FZEv9JddkjHNFiMVxJYpS,Carry Me,spotify:track:3FZEv9JddkjHNFiMVxJYpS,"Kygo, Julia Michaels, ",0.486,0.621,233133,0.551,0,7,0.115,-7.89,1,0.0474,105.052,4,0.22
7k1AW5eqgkQLnU31CLHUO7,Game Girl,spotify:track:7k1AW5eqgkQLnU31CLHUO7,"Young & Divine, ",0.0738,0.638,211538,0.581,0,0,0.277,-6.365,1,0.0348,87.965,4,0.557
6wNeKPXF0RDKyvfKfri5hf,Dollhouse,spotify:track:6wNeKPXF0RDKyvfKfri5hf,"Melanie Martinez, ",0.22,0.725,231853,0.708,0,5,0.777,-5.331,0,0.0756,130.029,4,0.55
12mGwph2YzDIlChtq3EdXP,Alone,spotify:track:12mGwph2YzDIlChtq3EdXP,"Marshmello, ",0.0244,0.636,273803,0.953,0.0164,2,0.108,-3.74,1,0.0353,142.011,4,0.397
1mz5rxbP10zYFRh1MpysJJ,Broccoli,spotify:track:1mz5rxbP10zYFRh1MpysJJ,"D.R.A.M., Lil Yachty, ",0.247,0.903,225280,0.525,0,8,0.0584,-7.687,1,0.216,145.973,4,0.71
1oHCgpheYhmhQbhCmbhpWn,Mercy,spotify:track:1oHCgpheYhmhQbhCmbhpWn,"Shawn Mendes, ",0.131,0.409,208733,0.686,0,11,0.11,-4.893,0,0.177,147.929,4,0.367
63MRutmAXJwkxhMhPHoioS,Tired of Talking,spotify:track:63MRutmAXJwkxhMhPHoioS,"LÉON, ",0.127,0.669,197000,0.693,0.00000294,9,0.174,-6.407,0,0.0695,100.946,4,0.396
0yJv0G7r1PZIl1CY5XhvkR,Thinking About It (Let It Go) - KVR Remix,spotify:track:0yJv0G7r1PZIl1CY5XhvkR,"Nathan Goshen, KVR, ",0.0136,0.694,183564,0.765,0,4,0.154,-7.078,0,0.0297,100.985,4,0.593
4MUNZkVe0VfomuSgY1EJun,Out Of My System,spotify:track:4MUNZkVe0VfomuSgY1EJun,"Youngr, ",0.0599,0.709,203115,0.723,0.00743,7,0.0641,-6.674,0,0.232,105.108,4,0.872
217xrcrbBtgJhvlHicxTSH,Say It (feat. Tove Lo),spotify:track:217xrcrbBtgJhvlHicxTSH,"Flume, Tove Lo, ",0.0668,0.598,262521,0.532,0.00000322,3,0.0617,-6.833,0,0.0295,74.963,4,0.275
0mM39ptTtRKkeSfwsFKFxt,Bikini Body,spotify:track:0mM39ptTtRKkeSfwsFKFxt,"Dawin, R. City, ",0.0487,0.822,227240,0.782,0,11,0.0465,-4.962,1,0.0448,99.053,4,0.79
1Te8WIfLudxjHTr66BL0JK,Perfect Strangers,spotify:track:1Te8WIfLudxjHTr66BL0JK,"Jonas Blue, JP Cooper, ",0.375,0.738,196613,0.812,0,1,0.276,-5.29,1,0.0495,118.004,4,0.684
4CpKEkdGbOJV51cSvx7SoG,Controlla,spotify:track:4CpKEkdGbOJV51cSvx7SoG,"Drake, ",0.0962,0.747,245227,0.477,0,10,0.114,-11.062,0,0.276,93.44,4,0.339
11hqMWwX7sF3sOGdtijofF,One Dance,spotify:track:11hqMWwX7sF3sOGdtijofF,"Drake, Wizkid, Kyla, ",0.00849,0.776,173975,0.624,0.00208,1,0.356,-5.815,1,0.0505,103.987,4,0.349
27SdWb2rFzO6GWiYDBTD9j,Cheap Thrills,spotify:track:27SdWb2rFzO6GWiYDBTD9j,"Sia, ",0.0472,0.628,211667,0.698,0.00143,6,0.0907,-5.608,0,0.105,89.976,4,0.73
49FEOyx3GsIxuZSoGdAHvN,Sexual,spotify:track:49FEOyx3GsIxuZSoGdAHvN,"NEIKED, Dyo, ",0.0752,0.8,188889,0.557,0,2,0.0863,-7.498,1,0.0664,108.032,4,0.821
4Tid4MwqgR1CfKCun3tFon,Kings of Summer (feat. Quinn XCII) - Single Version,spotify:track:4Tid4MwqgR1CfKCun3tFon,"ayokay, Quinn XCII, ",0.222,0.734,207881,0.661,0.00000218,11,0.201,-6.705,1,0.0356,134.93,4,0.258
6ZSO7kPn8IMJFymyticbJO,Gold,spotify:track:6ZSO7kPn8IMJFymyticbJO,"Kiiara, ",0.615,0.6,225882,0.412,0.0025,8,0.134,-9.343,1,0.344,113.049,5,0.409
5t5e19EoXJGGt3l6XNnRgx,Invitation (feat. Yade Lauren),spotify:track:5t5e19EoXJGGt3l6XNnRgx,"Yellow Claw, Yade Lauren, ",0.0978,0.598,152461,0.842,0.0000767,5,0.644,-5.612,0,0.0815,103.921,4,0.585
4tRLfSHpbjlIjV97RPWr9Y,Sex,spotify:track:4tRLfSHpbjlIjV97RPWr9Y,"Cheat Codes, Kris Kross Amsterdam, ",0.00451,0.51,228361,0.692,0,0,0.138,-5.825,1,0.171,102.42,4,0.21
40MkEbKzuSW9ET6HBngqnK,Light It Up (feat. Nyla & Fuse ODG) [Remix],spotify:track:40MkEbKzuSW9ET6HBngqnK,"Major Lazer, Nyla, Fuse Odg, ",0.0375,0.747,166138,0.877,0.000833,9,0.233,-3.782,0,0.0664,107.991,4,0.763
0P6RjFd2HgG2AXJadQuGfE,Working For It - Bonus Track,spotify:track:0P6RjFd2HgG2AXJadQuGfE,"ZHU, Skrillex, THEY., ",0.0971,0.776,231813,0.715,0.0131,5,0.247,-6.587,0,0.0505,99.951,4,0.494
1Tt4sE4pXi57mTD1GCzsqm,Needed Me,spotify:track:1Tt4sE4pXi57mTD1GCzsqm,"Rihanna, ",0.107,0.688,191600,0.325,0,5,0.0837,-8.083,0,0.251,110.888,4,0.274
2M71Inc9camxaIGtmQ6I87,"All of Me (feat. Logic, ROZES)",spotify:track:2M71Inc9camxaIGtmQ6I87,"Big Gigantic, Logic, ROZES, ",0.00189,0.628,228169,0.877,0,10,0.228,-3.016,0,0.041,142.034,4,0.205
22Re0OiJOEP7xk5XwshMEA,Don't Need Nobody,spotify:track:22Re0OiJOEP7xk5XwshMEA,"Ellie Goulding, ",0.108,0.72,213995,0.653,0.00000198,4,0.112,-6.032,0,0.0359,98.998,4,0.569
46NBoIAHrmR7qcUGCIFEjR,This One's For You (feat. Zara Larsson) - Official Song UEFA EURO 2016,spotify:track:46NBoIAHrmR7qcUGCIFEjR,"David Guetta, Zara Larsson, ",0.0022,0.367,207273,0.915,0.0000581,9,0.0905,-3.456,0,0.0488,110.169,4,0.348
3NJG6vMH1ZsectZkocMEm0,Tiimmy Turner,spotify:track:3NJG6vMH1ZsectZkocMEm0,"Desiigner, ",0.181,0.597,239853,0.743,0,6,0.0796,-3.095,1,0.042,122.798,4,0.321
4bAmAVdks2Y84VNVVLXFwN,Show Me Love - EDX Remix / Radio Edit,spotify:track:4bAmAVdks2Y84VNVVLXFwN,"Sam Feldt, Kimberly Anne, ",0.287,0.596,180336,0.666,0.000454,0,0.0733,-5.825,1,0.0943,117.057,4,0.694
63OshgWbxCtI1WHb5C0Txd,Work - R3hab Remix,spotify:track:63OshgWbxCtI1WHb5C0Txd,"Rihanna, Drake, ",0.0101,0.716,219400,0.786,0,1,0.319,-5.483,0,0.0612,100.002,4,0.283
306DlsO3OgFYsFZCfZzlBW,Takes My Body Higher (feat. Lincoln Jesser),spotify:track:306DlsO3OgFYsFZCfZzlBW,"Shoffy, Lincoln Jesser, ",0.238,0.71,251520,0.732,0,4,0.146,-5.266,0,0.0381,125.032,4,0.126
4uNDs2TBsv2KX9b4LIxfdt,Aloha,spotify:track:4uNDs2TBsv2KX9b4LIxfdt,"Møme, Merryn Jeann, ",0.205,0.564,218400,0.709,0.0000834,10,0.12,-5.955,0,0.147,100.095,4,0.444
7nD9nN3jord9wWcfW3Gkcm,All In My Head (Flex),spotify:track:7nD9nN3jord9wWcfW3Gkcm,"Fifth Harmony, Fetty Wap, ",0.023,0.689,210573,0.791,0,0,0.0526,-5.194,0,0.053,95.04,4,0.772
7gBj0VgcuAgkXkiRRYvSmK,Stay,spotify:track:7gBj0VgcuAgkXkiRRYvSmK,"Kygo, Maty Noyes, ",0.0444,0.648,239465,0.736,0.000137,8,0.171,-7.948,1,0.0385,103.027,4,0.376
0B2RttXEiyXsMeQ7mMP3EI,Cruel,spotify:track:0B2RttXEiyXsMeQ7mMP3EI,"Snakehips, ZAYN, ",0.0184,0.603,228253,0.879,0,5,0.156,-4.098,1,0.124,110.125,4,0.307
4gzQbZfEW3CPylBaADpVGy,Move - Original Mix,spotify:track:4gzQbZfEW3CPylBaADpVGy,"Sidney Samson, ",0.000409,0.778,352500,0.906,0.373,2,0.078,-4.593,1,0.138,128.001,4,0.131
2ce5n5MpJQgvnAHtmfxS1C,Kuaga (Lost Time) (Radio Edit),spotify:track:2ce5n5MpJQgvnAHtmfxS1C,"Pierce Fulton, ",0.105,0.602,177415,0.97,0.0053,1,0.201,-3.994,1,0.125,127.953,4,0.352
46lFttIf5hnUZMGvjK0Wxo,Runaway (U & I),spotify:track:46lFttIf5hnUZMGvjK0Wxo,"Galantis, ",0.00711,0.506,227074,0.805,0.00193,1,0.0856,-4.119,1,0.0469,126.008,4,0.385
6YZCM5111nuuTooEmhsnkD,Push (feat. Andrew Wyatt) - The Chainsmokers Radio Mix,spotify:track:6YZCM5111nuuTooEmhsnkD,"A-Trak, Andrew Wyatt, The Chainsmokers, ",0.0661,0.516,240000,0.785,0,5,0.253,-4.842,1,0.0553,128.05,4,0.352
2uMbCJ8lxF7hqpQUaeo42D,Do It Right,spotify:track:2uMbCJ8lxF7hqpQUaeo42D,"Martin Solveig, Tkay Maidza, ",0.0642,0.808,213211,0.787,0.0394,5,0.0771,-4.4,0,0.0621,125.047,4,0.591
5RxuKBx2xAa4ZG54ueQKjF,On My Way - Mercer Remix,spotify:track:5RxuKBx2xAa4ZG54ueQKjF,"Axwell /\ Ingrosso, Axwell, Sebastian Ingrosso, ",0.000214,0.602,319159,0.963,0.0184,0,0.179,-3.04,1,0.355,128.022,4,0.231
2M6VwLNz4eIlOph0xUF7lW,Escarole,spotify:track:2M6VwLNz4eIlOph0xUF7lW,"Cash Cash, ",0.00165,0.658,240773,0.938,0.0379,11,0.851,-4.305,1,0.0589,124.956,4,0.653
7foafyqmJYUdhGBpIusueW,How Deep Is Your Love - Chris Lake Remix,spotify:track:7foafyqmJYUdhGBpIusueW,"Calvin Harris, Disciples, Chris Lake, ",0.00224,0.727,306227,0.85,0.00843,4,0.412,-4.991,0,0.0425,121.973,4,0.275
2SSFvQBwsxeazzo7z5l9gD,Delirious (Boneless),spotify:track:2SSFvQBwsxeazzo7z5l9gD,"Steve Aoki, Chris Lake, Tujamo, Kid Ink, ",0.0195,0.706,223413,0.912,0,8,0.232,-4.44,0,0.0565,128.004,4,0.918
1Nf0mk83xLd3CyL8ybd8vw,All We Need feat. Shy Girls - Dzeko & Torres Remix Radio Edit,spotify:track:1Nf0mk83xLd3CyL8ybd8vw,"ODESZA, ",0.0244,0.581,191250,0.954,0.00413,9,0.223,-3.336,1,0.081,127.959,4,0.604
2Mh0jU5IyRTQfpyMnvki5Z,Let You Go - Radio Edit,spotify:track:2Mh0jU5IyRTQfpyMnvki5Z,"The Chainsmokers, Great Good Fine Ok, ",0.276,0.59,218973,0.887,0,5,0.0798,-2.851,1,0.0928,126.029,4,0.253
0qFKJ921JaLqUk51X2G0UD,Need You,spotify:track:0qFKJ921JaLqUk51X2G0UD,"Ftampa, Sex Room, ",0.625,0.636,212509,0.833,0.0066,8,0.14,-4.504,0,0.0452,127.991,4,0.793
5zaWOwIvbf8z8zAEpnbEHL,What You Waiting For,spotify:track:5zaWOwIvbf8z8zAEpnbEHL,"Gazzo, SUGARWHISKEY, ",0.0168,0.626,231173,0.916,0.00000331,11,0.484,-2.554,1,0.0683,130.044,4,0.582
69cvWeyze4FENegGTwIbKa,Don't Stop,spotify:track:69cvWeyze4FENegGTwIbKa,"Dave Winnel, ",0.0223,0.685,179250,0.97,0.0301,7,0.0901,-3.849,1,0.084,125.989,4,0.705
6c1mJmFYe8WG8b213tVlw8,Body Dancing,spotify:track:6c1mJmFYe8WG8b213tVlw8,"Qulinez, Belle Humble, ",0.00321,0.571,198469,0.876,0.0000071,1,0.104,-7.403,1,0.0462,128.005,4,0.316
2bd7KLt028ssKE0K0WYWXl,Break Through The Silence - Radio Edit,spotify:track:2bd7KLt028ssKE0K0WYWXl,"Martin Garrix, Matisse & Sadko, ",0.00289,0.573,204772,0.95,0.00119,9,0.299,-5.167,1,0.0666,128.013,4,0.155
4ZkVOb0mNnm3MFY2LeyqHY,Poison,spotify:track:4ZkVOb0mNnm3MFY2LeyqHY,"Martin Garrix, ",0.00429,0.502,248447,0.756,0.769,7,0.377,-6.118,0,0.0363,128.125,4,0.0605
4ZRfrJz6elmq7cAEizvSTO,Together As One - Radio Edit,spotify:track:4ZRfrJz6elmq7cAEizvSTO,"Dropgun, ",0.099,0.409,174257,0.979,0.00291,5,0.128,-1.508,0,0.0501,127.609,4,0.553
0FgdZknl6J2sbiYOnVg6Y1,Together,spotify:track:0FgdZknl6J2sbiYOnVg6Y1,"The Magician, ",0.0978,0.719,172144,0.853,0.0000858,10,0.113,-3.938,0,0.0356,121.996,4,0.464
06dT0EYXrhRQV1MsvWhNGv,Bad (feat. Vassy) - Radio Edit,spotify:track:06dT0EYXrhRQV1MsvWhNGv,"David Guetta, Showtek, VASSY, ",0.00125,0.614,170625,0.972,0.0186,5,0.328,-3.927,0,0.088,127.966,4,0.405
5ScMaEiUXf9BATTbDKNFq8,Where Are Ü Now (with Justin Bieber) - Marshmello Remix,spotify:track:5ScMaEiUXf9BATTbDKNFq8,"Jack Ü, Skrillex, Diplo, Justin Bieber, Marshmello, ",0.00266,0.572,206197,0.863,0.000307,8,0.127,-4.128,1,0.0424,141.919,4,0.487
2uZElNH5HVuRQbWQCkLi8G,The Universe - Radio Edit,spotify:track:2uZElNH5HVuRQbWQCkLi8G,"Lush & Simon, ",0.12,0.514,186562,0.884,0,6,0.389,-1.873,1,0.05,127.916,4,0.46
6fy2SxEFRlk1CIdlvKRP0m,Something Better,spotify:track:6fy2SxEFRlk1CIdlvKRP0m,"Audien, Lady Antebellum, ",0.0626,0.552,212619,0.839,0,2,0.253,-2.574,1,0.0673,126.06,4,0.434
0iBGgTRtJU8XEjdRL8ZFQi,Classic (feat. Fetty Wap & POWERS ),spotify:track:0iBGgTRtJU8XEjdRL8ZFQi,"The Knocks, POWERS, Fetty Wap, ",0.00574,0.627,219388,0.938,0.0000065,2,0.0478,-2.535,1,0.0384,101.981,4,0.594
4i8LZTtcv9IRMNCv5YifOn,Never Sleep Alone (feat. Tess Comrie) - CID Remix,spotify:track:4i8LZTtcv9IRMNCv5YifOn,"Kaskade, Tess Comrie, CID, ",0.00735,0.725,306786,0.882,0.257,9,0.233,-5.205,1,0.0595,125.984,4,0.63
1wyeyEGNOTOqOdxLmzVZdB,Desire - Gryffin Remix,spotify:track:1wyeyEGNOTOqOdxLmzVZdB,"Years & Years, ",0.0625,0.556,268853,0.859,0.00000242,10,0.142,-5.39,0,0.0576,121.982,4,0.421
4H8rKQSD1a8qgG8Jwy82MR,Gold Dust - East & Young Remix,spotify:track:4H8rKQSD1a8qgG8Jwy82MR,"Galantis, East, Young, ",0.00142,0.667,293158,0.861,0.00988,2,0.0613,-4.53,1,0.0482,126,4,0.263
3i5wmHjC2dHHtF8XNX7KWv,Eternity - Radio Edit,spotify:track:3i5wmHjC2dHHtF8XNX7KWv,"Tim Mason, Marrs TV, Harrison, ",0.0044,0.568,215238,0.807,0.0000048,7,0.0979,-4.967,0,0.0534,126.021,4,0.386
4xRjLDNEMDhafYfo72iZp2,Another You - CID Radio Edit,spotify:track:4xRjLDNEMDhafYfo72iZp2,"Armin van Buuren, Mr. Probz, ",0.366,0.587,179048,0.929,0.011,9,0.253,-2.473,1,0.0534,126.021,4,0.503
12S9qoznDH1GkSGzJePUwa,Dreams - Lost Kings Remix,spotify:track:12S9qoznDH1GkSGzJePUwa,"Life of Dillon, ",0.281,0.623,206013,0.89,0,7,0.118,-3.832,1,0.0377,127.978,4,0.637
3JZ5bL6UYIeJ5x0SCXUQbO,Hands,spotify:track:3JZ5bL6UYIeJ5x0SCXUQbO,"Gareth Emery, Alastor, London Thor, ",0.0543,0.559,189844,0.672,0.000243,7,0.281,-6.102,1,0.045,128.044,4,0.286
1rBWS8YQnheKdXbDC027gd,Lovin,spotify:track:1rBWS8YQnheKdXbDC027gd,"Breathe Carolina, APEK, Neon Hitch, ",0.0175,0.521,221592,0.841,0,8,0.17,-4.041,1,0.0709,127.986,4,0.469
3yXmslBa2eTtFI2tSXphR1,Earthquake - Radio Edit,spotify:track:3yXmslBa2eTtFI2tSXphR1,"Disco Fries, The Command Sisters, ",0.0775,0.61,225714,0.806,0,9,0.42,-2.99,0,0.0574,125.999,4,0.514
35j3CjgBRoqLp8LsAKsQF4,City Lights,spotify:track:35j3CjgBRoqLp8LsAKsQF4,"Avicii, ",0.00735,0.809,388947,0.829,0.105,7,0.308,-5.937,0,0.246,128.013,4,0.422
7Mw1svSngAwEaKFDjgxdiT,One Click Headshot - Original Mix,spotify:track:7Mw1svSngAwEaKFDjgxdiT,"Feed Me, ",0.000364,0.677,287004,0.91,0.00842,2,0.35,-4.628,1,0.063,109.988,4,0.502
4dARVSVhPP3ZNv7OJiU47t,Find a Way (Anevo Remix) [feat. Rudy],spotify:track:4dARVSVhPP3ZNv7OJiU47t,"Dirty South, Rudy, ",0.0148,0.716,244375,0.833,0.0942,7,0.0787,-4.036,0,0.0443,127.006,4,0.531
2OkU57LVQoynnVyLE1LrPN,Renaissance (feat. Clairity),spotify:track:2OkU57LVQoynnVyLE1LrPN,"Steve James, Clairity, ",0.523,0.546,178996,0.466,0.000823,1,0.0685,-8.337,1,0.0478,119.584,5,0.575
3KY1mFxjBqfRJoKjOgsTAq,Landmines,spotify:track:3KY1mFxjBqfRJoKjOgsTAq,"Pierce Fulton, J Hart, ",0.0266,0.48,196875,0.853,0,8,0.118,-3.508,1,0.0753,127.94,4,0.299
0jg7dmKnwbJJCC8b03WGHq,Undercover - Yotto Radio Edit,spotify:track:0jg7dmKnwbJJCC8b03WGHq,"Lane 8, Matthew Dear, ",0.000874,0.595,202680,0.729,0.449,2,0.0877,-7.714,1,0.0332,121.993,4,0.266
4QQ7Xcd40mLpMyjemaFAB9,Dechorro,spotify:track:4QQ7Xcd40mLpMyjemaFAB9,"Deorro, ",0.00465,0.77,307500,0.837,0.115,5,0.122,-3.978,0,0.0696,127.989,4,0.191
6VbCaW5zcl9Ir5UxewNtw6,Fallen Angel - Dennis Sheperd Radio Edit,spotify:track:6VbCaW5zcl9Ir5UxewNtw6,"Dennis Sheperd, Cold Blue, Ana Criado, ",0.012,0.521,214545,0.911,0.0167,5,0.261,-7.842,0,0.0406,131.967,4,0.332
1AIYrVHnHDGB4eiC1S2PmA,The Journey,spotify:track:1AIYrVHnHDGB4eiC1S2PmA,"Feint, Veela, ",0.00281,0.48,346000,0.626,0.0222,6,0.172,-6.279,1,0.0538,172.041,4,0.233
2k1sEEoUebAN29eplC6goI,Gasoline,spotify:track:2k1sEEoUebAN29eplC6goI,"Noah Neiman, Matthew Steeper, ",0.00114,0.464,228750,0.945,0,5,0.159,-2.334,0,0.408,127.973,4,0.263
30XakGlnxCn4NjBXzRm7KQ,Fibreglasses - Radio Edit,spotify:track:30XakGlnxCn4NjBXzRm7KQ,"Chicane, ",0.059,0.607,192381,0.907,0.901,8,0.0983,-7.624,1,0.034,125.985,4,0.795
4mKaGkUNWrbDtvTl7sZDkt,Can't Forget You (ft. The Nicholas),spotify:track:4mKaGkUNWrbDtvTl7sZDkt,"San Holo, The Nicholas, ",0.00283,0.556,216364,0.76,0.00741,6,0.364,-5.291,0,0.0482,131.983,4,0.19
0bFgXiN0kf7hgmQxCzEQZS,Dance To The Beat,spotify:track:0bFgXiN0kf7hgmQxCzEQZS,"Felguk, Lazy Rich, ",0.0131,0.746,219017,0.854,0.53,6,0.293,-4.408,0,0.117,128.001,4,0.909
5wezJDFwh4DjqCOkEgWwjs,Booty Bounce,spotify:track:5wezJDFwh4DjqCOkEgWwjs,"Tujamo, Taio Cruz, ",0.0235,0.738,195000,0.983,0.0000067,7,0.125,-1.821,0,0.0549,128.006,4,0.674
2RpOP8jT2VkotCNvdzl44i,Bring It Back,spotify:track:2RpOP8jT2VkotCNvdzl44i,"Ephwurd, ",0.000641,0.779,198750,0.97,0.0146,7,0.0497,-3.047,1,0.347,128.064,4,0.335
4oEcoHOoHYAErA3Tbc0EoW,Blast off - Radio Edit,spotify:track:4oEcoHOoHYAErA3Tbc0EoW,"David Guetta, Kaz James, ",0.00255,0.656,187932,0.993,0.00000249,4,0.197,-1.702,1,0.18,127.938,4,0.121
09edPEy68s7QHLbR1Ol2I5,When The Funk Drops,spotify:track:09edPEy68s7QHLbR1Ol2I5,"Deorro, Uberjak'd, Far East Movement, ",0.0347,0.825,236253,0.983,0.035,1,0.0467,-2.526,1,0.0836,127.973,4,0.622
2zW3XCURnRc5YICdyktGyb,Encore,spotify:track:2zW3XCURnRc5YICdyktGyb,"Mercer, ",0.0000407,0.538,186562,0.988,0.278,8,0.0817,-3.778,0,0.19,127.935,4,0.309
5CikXMkcokdfbEcGpUHxnl,Voltage,spotify:track:5CikXMkcokdfbEcGpUHxnl,"Danny Avila, ",0.00432,0.618,176950,0.912,0.214,2,0.428,-5.131,1,0.0646,128.018,4,0.264
4034xiU9Va9uI771cmkhBM,Party People 2K15,spotify:track:4034xiU9Va9uI771cmkhBM,"Ralvero, ",0.00347,0.546,196406,0.988,0.505,8,0.375,-2.331,0,0.105,127.948,4,0.194
1GiSUMdpL8dFUQaF6hogaZ,I Get Up,spotify:track:1GiSUMdpL8dFUQaF6hogaZ,"Autoerotique, ",0.000307,0.586,166452,0.916,0.773,0,0.322,-5.64,1,0.0467,123.978,4,0.234
4XFhI7YMNLz82G6V17UzZM,Hakuna Matata - Hardwell Radio Edit,spotify:track:4XFhI7YMNLz82G6V17UzZM,"R3hab, Hardwell, ",0.000532,0.666,165000,0.93,0.374,5,0.397,-1.301,0,0.0496,127.967,4,0.0886
78HGVRo9dZj1KUyLi5RPQW,The Code - Radio Edit,spotify:track:78HGVRo9dZj1KUyLi5RPQW,"W&W, Ummet Ozcan, ",0.0034,0.677,165000,0.911,0.847,0,0.314,-3.593,1,0.0799,128.04,4,0.278
31MfvCnUGsgaNaRBki67Iz,Wildfire,spotify:track:31MfvCnUGsgaNaRBki67Iz,"Thomas Newson, ",0.0174,0.574,170625,0.953,0.776,1,0.566,-4.634,1,0.0499,127.972,4,0.168
3EHC0gnBrhF1HeSitN2wmD,Get Down,spotify:track:3EHC0gnBrhF1HeSitN2wmD,"Tiësto, Tony Junior, ",0.112,0.8,211874,0.984,0.423,1,0.0312,-4.021,1,0.0974,128.052,4,0.346
6J3s6AGnetL5BfIXNZV3OV,Police,spotify:track:6J3s6AGnetL5BfIXNZV3OV,"Tony Junior, JETFIRE, Rivero, ",0.00586,0.559,214867,0.977,0.00819,7,0.0524,-2.74,0,0.0624,128.019,4,0.232
5W4euf5WPJdAf3hUX1jF8c,Amen,spotify:track:5W4euf5WPJdAf3hUX1jF8c,"Cuebrick, RBYN, ",0.0131,0.448,150000,0.764,0.101,8,0.125,-3.524,0,0.157,128.139,4,0.363
5YRDLHIgHRUbXP5kmQTpKg,Another Chance - Above & Beyond Club Mix ABGT Mix,spotify:track:5YRDLHIgHRUbXP5kmQTpKg,"Above & Beyond, Oceanlab, ",0.0282,0.297,329584,0.6,0.000404,10,0.464,-9.097,1,0.0409,128.07,4,0.205
30DsuDsNq26rCn30NNzoH6,If It Ain't Dutch,spotify:track:30DsuDsNq26rCn30NNzoH6,"Armin van Buuren, W&W, ",0.00481,0.547,173500,0.968,0.0714,11,0.419,-3.956,1,0.258,132.106,4,0.147
79bw2HhGVzSJfLQloyYw6L,Aperture,spotify:track:79bw2HhGVzSJfLQloyYw6L,"Unison, ",0.0698,0.763,202510,0.507,0.00000271,2,0.105,-6.292,0,0.196,128.107,4,0.275
6jmTQwFzejCurofZDz7x9k,Off The Hook,spotify:track:6jmTQwFzejCurofZDz7x9k,"Hardwell, Armin van Buuren, ",0.0113,0.705,177058,0.951,0.503,11,0.346,-3.754,0,0.0743,129.967,4,0.15
5OgKYf0pK46xk36olPiLZW,Unbroken,spotify:track:5OgKYf0pK46xk36olPiLZW,"Quintino, Yves V, Gia Koka, ",0.000466,0.567,185625,0.772,0.0000325,5,0.254,-4.261,1,0.0582,128.073,4,0.0997
3zDNawOBsMoGKjbiq3MIHb,We Are One - Radio Edit,spotify:track:3zDNawOBsMoGKjbiq3MIHb,"Disco Fries, Kaaze, Danyka Nadeau, ",0.0102,0.451,191250,0.786,0,11,0.035,-4.309,0,0.0511,128.11,4,0.313
5CrWOrBw1uglPuVI7OBWLD,D2B - Steve Aoki Remix,spotify:track:5CrWOrBw1uglPuVI7OBWLD,"Max Styler, Charlie Darker, Steve Aoki, ",0.00803,0.632,232500,0.994,0.648,11,0.842,-2.49,1,0.103,128.04,4,0.312
7JtfxqeeErYpp9AsuThVok,Energetic,spotify:track:7JtfxqeeErYpp9AsuThVok,"Chuckie, Rivero, ",0.0137,0.634,274064,0.855,0.928,2,0.0683,-4.013,0,0.0508,128.011,4,0.351
3vEU3RHzVxVloIYEjY3PDb,Feel The Power,spotify:track:3vEU3RHzVxVloIYEjY3PDb,"Julian Jordan, Stino, ",0.0014,0.618,216485,0.966,0.00192,1,0.146,-4.281,0,0.0798,128.024,4,0.555
2TcZ05FR0xQWZOaFWyRWUt,L'Amour Toujours - Tiësto Radio Edit,spotify:track:2TcZ05FR0xQWZOaFWyRWUt,"Dzeko & Torres, Delaney Jane, ",0.00763,0.591,162462,0.931,0.000216,3,0.153,-2.867,1,0.0967,129.975,4,0.174
1V0INjB1wGgzRqX4vserR7,KillaSound,spotify:track:1V0INjB1wGgzRqX4vserR7,"Laidback Luke, ",0.00302,0.687,305707,0.973,0.686,10,0.0848,-4.467,0,0.0455,128.019,4,0.33
1lv9cLxbJAmhh2ZME5nnEL,Lunar,spotify:track:1lv9cLxbJAmhh2ZME5nnEL,"Codeko, ",0.0156,0.596,230625,0.941,0.000018,1,0.36,-3.838,1,0.0636,128.017,4,0.254
1KKdndYJj8eb5K6bDiNj0Q,More Than Ever,spotify:track:1KKdndYJj8eb5K6bDiNj0Q,"Breathe Carolina, Ryos, ",0.00305,0.463,223359,0.798,0.000196,8,0.137,-4.454,0,0.0609,128.031,4,0.239
4yZXJYRVXsFdgGQ6kfn4Ne,On The Run,spotify:track:4yZXJYRVXsFdgGQ6kfn4Ne,"Ummet Ozcan, ",0.00956,0.701,180010,0.916,0.854,11,0.673,-4.005,1,0.0402,128.052,4,0.257
12ZQdr6Ir1x6QByyPdJg9W,Bowser - Original Mix,spotify:track:12ZQdr6Ir1x6QByyPdJg9W,"W&W, Blasterjaxx, ",0.00689,0.616,318750,0.983,0.838,6,0.087,-3.947,0,0.0882,128.033,4,0.136
4hqIZud4k60WWdnZL54fpq,Tremors (feat. Go Comet!),spotify:track:4hqIZud4k60WWdnZL54fpq,"Botnek, GO COMET!, ",0.0113,0.613,176750,0.878,0.00764,2,0.213,-1.48,0,0.0476,127.925,4,0.419
6G2bxlmIL3nJX1Tsy2sSfO,Gangster - Original Mix,spotify:track:6G2bxlmIL3nJX1Tsy2sSfO,"Firebeatz, ",0.00055,0.827,292500,0.973,0.00000595,9,0.0497,-2.84,1,0.333,128.054,4,0.498
6p8IL4pN6Nov1gWDxCQkdu,Be The 1,spotify:track:6p8IL4pN6Nov1gWDxCQkdu,"Faruk Sabanci, Zane Fischer, ",0.00548,0.556,184687,0.925,0.00000275,1,0.322,-3.399,1,0.11,127.941,4,0.398
6LOSim9S9v2saFtPEWGhg6,CNTRL,spotify:track:6LOSim9S9v2saFtPEWGhg6,"Marcus Schössow, Dave Winnel, ",0.0218,0.579,163139,0.942,0.8,7,0.298,-5.455,1,0.0904,128.003,4,0.451
523tBGU7AXeIATRgBIinEe,Hawt,spotify:track:523tBGU7AXeIATRgBIinEe,"Brillz, Ghastly, ",0.00415,0.64,217046,0.989,0.0285,2,0.46,-2.917,1,0.154,127.972,4,0.308
0LZf48V83KyeLDu8XUS5JC,Mercury,spotify:track:0LZf48V83KyeLDu8XUS5JC,"Hugo Cantarra, ",0.00146,0.515,215156,0.996,0.81,7,0.151,-4.426,0,0.0936,128.004,4,0.327
7aUQKqlFwXVxWgEiIfargD,Morphine,spotify:track:7aUQKqlFwXVxWgEiIfargD,"Thomas Gold, Lush & Simon, ",0.0654,0.538,192000,0.833,0.00167,1,0.685,-4.138,0,0.055,127.976,4,0.197
1FOZVeoEE6QCBw7QhsCE4n,The Power of Now - Crystal Lake Remix,spotify:track:1FOZVeoEE6QCBw7QhsCE4n,"Steve Aoki, Headhunterz, Crystal Lake, ",0.00214,0.633,247734,0.949,0.112,4,0.0753,-4.495,0,0.111,127.992,4,0.827
6CAa0NViZe37OrcAg1KJB1,Skies,spotify:track:6CAa0NViZe37OrcAg1KJB1,"Juicy M, Endemix, ",0.000778,0.592,200742,0.776,0.0879,0,0.41,-7.037,0,0.0374,127.99,4,0.487
4KAnP9i0d87ibChqMKRZkI,Spacetunnel - Dyro Edit,spotify:track:4KAnP9i0d87ibChqMKRZkI,"Prism, Funkz, Dyro, ",0.000164,0.689,210024,0.949,0.872,2,0.121,-3.188,1,0.189,127.954,4,0.258
2yrshNVUy2nUEmnBOc4eYS,Sweet Harmony,spotify:track:2yrshNVUy2nUEmnBOc4eYS,"DubVision, ",0.0065,0.686,172543,0.969,0.718,6,0.0459,-3.247,0,0.0526,127.993,4,0.281
61nmh5woqbQN6rWEv2j8lG,YEAHHHH,spotify:track:61nmh5woqbQN6rWEv2j8lG,"Firebeatz, ",0.00268,0.723,276477,0.922,0.368,4,0.264,-4.175,1,0.0925,128.016,4,0.283
0QVyk0TL9lAnlfrT7R4X5M,Perfection,spotify:track:0QVyk0TL9lAnlfrT7R4X5M,"twoloud, Qulinez, ",0.00107,0.562,194226,0.929,0.488,4,0.601,-2.899,0,0.0336,127.937,4,0.272
2uUHq7i2gWA162KAoLPWZD,Cream - Radio Edit,spotify:track:2uUHq7i2gWA162KAoLPWZD,"Tujamo, Danny Avila, ",0.0132,0.703,151875,0.997,0.769,5,0.0775,-2.48,1,0.0442,127.991,4,0.513
2UnjLIBORWFqHmYrmzttg8,Deep Down Low,spotify:track:2UnjLIBORWFqHmYrmzttg8,"Valentino Khan, ",0.00419,0.792,184680,0.906,0.586,1,0.061,-1.538,1,0.0592,126.016,4,0.479
7fjlZORAc9O4Ye8UDKPcja,Temptation,spotify:track:7fjlZORAc9O4Ye8UDKPcja,"Still Young, Simon De Jano, Madwill, ",0.00278,0.542,187500,0.988,0.173,7,0.227,-3.788,1,0.0536,127.955,4,0.179
57V93BKdiPnF1fyBeXvndy,Tonight,spotify:track:57V93BKdiPnF1fyBeXvndy,"An21, Max Vangeli, ",0.00124,0.612,302764,0.922,0.015,9,0.0468,-4.643,0,0.083,127.994,4,0.555
37UloxCFaDkzfnLEVxAUtJ,Turn It Up,spotify:track:37UloxCFaDkzfnLEVxAUtJ,"Henry Fong, Mr. V, ",0.0108,0.585,191250,0.987,0.00314,11,0.0648,-3.27,0,0.0856,127.941,4,0.31
1FdKxh1guv0q8tlUXcJHIM,Like A Boss,spotify:track:1FdKxh1guv0q8tlUXcJHIM,"Dyro, ",0.000829,0.492,243702,0.973,0.0311,0,0.154,-3.3,1,0.273,130.016,4,0.519
5ScluzC21KyxPqnRB3Zjup,Get on Up,spotify:track:5ScluzC21KyxPqnRB3Zjup,"Jauz, Pegboard Nerds, ",0.0185,0.651,229687,0.894,0.0000893,4,0.0745,-3.38,0,0.0585,128.041,4,0.192
2GhizOuKvp1ERczYqHmhkH,Old Skool,spotify:track:2GhizOuKvp1ERczYqHmhkH,"Armin van Buuren, ",0.000646,0.688,236587,0.946,0.171,0,0.35,-5.694,1,0.0637,131.994,4,0.505
0Mmxjqkd9GU2tE3Mq4BZm3,Million Voices - Radio Edit,spotify:track:0Mmxjqkd9GU2tE3Mq4BZm3,"Otto Knows, ",0.00302,0.583,192914,0.871,0.0196,8,0.0843,-6.246,1,0.0405,126,4,0.0765
4O3xKdYhFhmtfptnzmbARN,Lethal Industry,spotify:track:4O3xKdYhFhmtfptnzmbARN,"Sunnery James & Ryan Marciano, ",0.00363,0.594,155611,0.924,0.94,11,0.375,-4.568,0,0.123,128.003,4,0.145
31MInT9OVHWxdyLyJeBjTW,Tung! - Radio Edit,spotify:track:31MInT9OVHWxdyLyJeBjTW,"Deniz Koyu, ",0.00291,0.7,171397,0.954,0.893,7,0.888,-4.321,1,0.0923,127.99,4,0.91
3RqvD3ZcpLHQI4mdcGdIZ1,Color Pop - Radio Edit,spotify:track:3RqvD3ZcpLHQI4mdcGdIZ1,"twoloud, Kaaze, ",0.0398,0.567,169532,0.983,0.000512,11,0.351,-3.813,0,0.0759,128.009,4,0.478
0OMRAvrtLWE2TvcXorRiB9,La Gozadera,spotify:track:0OMRAvrtLWE2TvcXorRiB9,"Gente De Zona, Marc Anthony, ",0.166,0.616,203160,0.989,0,9,0.172,-1.698,0,0.0483,95.036,4,0.906
3FeMpPPhGRKieT8zmlJDQz,Bailando por el Mundo,spotify:track:3FeMpPPhGRKieT8zmlJDQz,"Juan Magán, Pitbull, El Cata, ",0.0316,0.698,195240,0.865,0,4,0.307,-4.083,0,0.0418,130.004,4,0.968
00i0O74dXdaKKdCrqHnfXm,La Mordidita,spotify:track:00i0O74dXdaKKdCrqHnfXm,"Ricky Martin, Yotuel, ",0.0344,0.725,211680,0.903,0,0,0.183,-2.955,1,0.0658,142.006,4,0.948
3EVwqtxoYiJmUd1Ennr10W,6 AM,spotify:track:3EVwqtxoYiJmUd1Ennr10W,"J Balvin, Farruko, ",0.144,0.754,243227,0.743,0,5,0.275,-5.049,0,0.0918,176.015,4,0.739
32lm3769IRfcnrQV11LO4E,Bailando - Spanish Version,spotify:track:32lm3769IRfcnrQV11LO4E,"Enrique Iglesias, Descemer Bueno, Gente De Zona, ",0.0467,0.713,243413,0.783,0.00000193,7,0.0449,-3.499,1,0.124,90.937,4,0.954
5Ji2qD1v0TGC5dlKIYA6Oo,Hasta Que Salga El Sol,spotify:track:5Ji2qD1v0TGC5dlKIYA6Oo,"Don Omar, ",0.0235,0.355,245040,0.958,0.00072,4,0.331,-4.029,1,0.349,190.313,3,0.884
6DUdDIRgLqCGq1DwkNWQTN,Borro Cassette,spotify:track:6DUdDIRgLqCGq1DwkNWQTN,"Maluma, ",0.132,0.73,207307,0.701,0,5,0.151,-5.885,0,0.106,175.95,4,0.789
1q8NdCAQ9QUjpYiqzdd3mv,Atrévete Te Te,spotify:track:1q8NdCAQ9QUjpYiqzdd3mv,"Calle 13, ",0.0959,0.829,239307,0.878,0,9,0.776,-5.951,1,0.101,87.991,4,0.884
3QHMxEOAGD51PDlbFPHLyJ,Vivir Mi Vida,spotify:track:3QHMxEOAGD51PDlbFPHLyJ,"Marc Anthony, ",0.344,0.655,252347,0.877,0,0,0.349,-3.23,0,0.0344,105.017,4,0.894
42k1KeBehAd83lrGt1okiC,Loca,spotify:track:42k1KeBehAd83lrGt1okiC,"Shakira, El Cata, ",0.342,0.8,183693,0.692,0.00000192,9,0.0554,-5.57,0,0.0614,112.002,4,0.923
2a1o6ZejUi8U3wzzOtCOYw,Danza Kuduro,spotify:track:2a1o6ZejUi8U3wzzOtCOYw,"Don Omar, Lucenzo, ",0.0813,0.467,198773,0.92,0,0,0.0494,-4.78,1,0.239,130.012,4,0.862
1KhskNApqcI0XuIbbeERlw,Magalenha,spotify:track:1KhskNApqcI0XuIbbeERlw,"Sérgio Mendes, ",0.129,0.82,216933,0.633,0,9,0.0972,-13.816,1,0.0745,116.622,4,0.731
1SGpOusZOaKgoyicqZv5MW,Mi primer millon,spotify:track:1SGpOusZOaKgoyicqZv5MW,"Bacilos, ",0.201,0.745,237387,0.924,0.0000501,5,0.121,-3.898,1,0.0355,103.033,4,0.903
26T9IOS6Bi9iOUjKkcZsZo,Tiburon,spotify:track:26T9IOS6Bi9iOUjKkcZsZo,"Proyecto Uno, ",0.198,0.868,302333,0.852,0.000053,0,0.0502,-9.403,1,0.0474,130.155,4,0.913
4nVyHATevhl5RC6Qmoko5H,I Like It,spotify:track:4nVyHATevhl5RC6Qmoko5H,"Enrique Iglesias, Pitbull, ",0.0253,0.659,231787,0.935,0,10,0.0653,-2.739,0,0.107,129.048,4,0.726
5BSclXJTa9B0iURhUjZo50,La Tortura,spotify:track:5BSclXJTa9B0iURhUjZo50,"Shakira, Alejandro Sanz, ",0.0297,0.74,212893,0.783,0.000308,0,0.123,-5.367,1,0.0427,100.011,4,0.801
1YwPNemawMgGe6sF4U0FTE,Suavemente - Merengue Version,spotify:track:1YwPNemawMgGe6sF4U0FTE,"Elvis Crespo, ",0.238,0.809,266307,0.883,0.00234,8,0.0625,-2.965,1,0.0689,124.096,4,0.913
44f68Zu5X9gJ44ziVnaYoR,La Despedida,spotify:track:44f68Zu5X9gJ44ziVnaYoR,"Daddy Yankee, ",0.0866,0.746,202827,0.993,0.0548,2,0.0689,-2.134,0,0.0499,122.046,4,0.971
7jQBORjiir0pNSKGaHevq9,Mambo No. 5 (A Little Bit of...),spotify:track:7jQBORjiir0pNSKGaHevq9,"Lou Bega, ",0.0972,0.611,220133,0.831,0,5,0.308,-5.394,0,0.394,174.245,4,0.913
4ybicwPYjdnAGPBPn0AGbw,El Taxi - Spanglish Version,spotify:track:4ybicwPYjdnAGPBPn0AGbw,"Pitbull, Lil Jon, Osmani Garcia ""La Voz"", ",0.0788,0.848,228709,0.664,0.0000119,7,0.0743,-10.355,1,0.124,94.97,4,0.849
78DVpEWwmJFC25KGz8fJuE,Clavado en un bar,spotify:track:78DVpEWwmJFC25KGz8fJuE,"Maná, ",0.00737,0.634,310813,0.854,0.00000249,11,0.0664,-3.444,1,0.0369,148.003,4,0.57
3vCeDhrInX8te6SoaqZbvu,La Dueña del Swing,spotify:track:3vCeDhrInX8te6SoaqZbvu,"Los Hermanos Rosario, ",0.505,0.746,259013,0.915,0.0000402,7,0.161,-6.626,0,0.0675,154.985,4,0.806
1GT0Q2ZTeKtIBueYKr4vhr,La Bilirrubina - Live,spotify:track:1GT0Q2ZTeKtIBueYKr4vhr,"Juan Luis Guerra 4.40, ",0.622,0.585,232880,0.977,0,1,0.328,-3.57,1,0.0615,138.264,4,0.799
4d2hD63oUGU3s7L66JD0BE,Dance Again,spotify:track:4d2hD63oUGU3s7L66JD0BE,"Jennifer Lopez, Pitbull, ",0.0159,0.792,237267,0.856,0.00000288,11,0.0981,-5.236,0,0.067,127.988,4,0.696
7xmp7f74I0rxUOPjVuIOE8,Procura,spotify:track:7xmp7f74I0rxUOPjVuIOE8,"ChiChi Peralta, ",0.308,0.805,272667,0.758,0.000661,8,0.12,-7.418,1,0.0352,102.127,4,0.974
3J6vrRMz6EfwH2sgYiyNhc,Oye Mi Canto,spotify:track:3J6vrRMz6EfwH2sgYiyNhc,"N.O.R.E., Daddy Yankee, Nina Sky, Gemstar, Big Mato, ",0.195,0.687,240973,0.945,0.00000283,6,0.281,-2.82,1,0.0537,95.991,4,0.941
2bJvI42r8EF3wxjOuDav4r,Time of Our Lives,spotify:track:2bJvI42r8EF3wxjOuDav4r,"Pitbull, Ne-Yo, ",0.0921,0.72,229360,0.802,0,1,0.694,-5.797,1,0.0582,124.043,4,0.716
3ZFTkvIE7kyPt6Nu3PEa7V,Hips Don't Lie,spotify:track:3ZFTkvIE7kyPt6Nu3PEa7V,"Shakira, Wyclef Jean, ",0.284,0.778,218093,0.824,0,10,0.405,-5.892,0,0.0712,100.024,4,0.767
1A5yplwEk6cJbAL63L6bkp,Bailar,spotify:track:1A5yplwEk6cJbAL63L6bkp,"Deorro, Pitbull, Elvis Crespo, ",0.0249,0.75,160305,0.891,0.00000648,9,0.0569,-3.738,1,0.227,128.065,4,0.56
4u5xLMRN0dgKBFFN8FiNgv,Niña Bonita,spotify:track:4u5xLMRN0dgKBFFN8FiNgv,"Chino & Nacho, ",0.271,0.675,216787,0.905,0,9,0.161,-5.062,1,0.115,119.992,4,0.755
6OpHDI8lRiqHLqmUIYUxVr,Te Mando Flores,spotify:track:6OpHDI8lRiqHLqmUIYUxVr,"Fonseca, ",0.214,0.696,227736,0.848,0,0,0.0987,-7.839,1,0.0602,102.038,4,0.888
3QeEd0ldRZKcHixmS9TJQp,La Negra Tiene Tumbao,spotify:track:3QeEd0ldRZKcHixmS9TJQp,"Celia Cruz, ",0.0322,0.795,253053,0.848,0.0000311,11,0.192,-4.442,0,0.0498,110.722,4,0.961
5a12LL01YPhltXHeuWjSnG,El Matador,spotify:track:5a12LL01YPhltXHeuWjSnG,"Los Fabulosos Cadillacs, ",0.0306,0.566,277600,0.911,0.0247,4,0.0574,-9.458,0,0.0791,193.538,4,0.639
0Oe49j06Bjrxs8PltuVeaW,On The Floor,spotify:track:0Oe49j06Bjrxs8PltuVeaW,"Jennifer Lopez, Pitbull, ",0.0905,0.763,230907,0.679,0.000553,11,0.0949,-6.299,1,0.0981,129.997,4,0.451
2EM9zpAc7PVeoAydmbfVIL,La Camisa Negra,spotify:track:2EM9zpAc7PVeoAydmbfVIL,"Juanes, ",0.0974,0.764,216707,0.737,0,6,0.0537,-4.378,0,0.0308,97.01,4,0.971
1vlw2pA2GXhqtDxGz1StsM,La Bomba,spotify:track:1vlw2pA2GXhqtDxGz1StsM,"Ricky Martin, ",0.091,0.714,274040,0.96,0.0000165,10,0.232,-5.266,0,0.086,99.179,4,0.847
0LsbET3Vg2eVObPAb1Zu0D,El Taqui Taqui - Original Mix,spotify:track:0LsbET3Vg2eVObPAb1Zu0D,"Ilegales, Pavel De Jesús, Sócrates de Jesús, ",0.0254,0.817,262000,0.959,0.00000812,6,0.0231,-7.215,0,0.0582,133.458,4,0.919
23Fw0qh3Onqn2276LiL2pT,Lloraras,spotify:track:23Fw0qh3Onqn2276LiL2pT,"Oscar D'León, ",0.582,0.708,221008,0.709,0.000516,9,0.0717,-7.555,1,0.0472,96.046,4,0.962
6K5UtSAXChS6Rpm2NZJnrF,Juliana,spotify:track:6K5UtSAXChS6Rpm2NZJnrF,"D.L.G., ",0.331,0.714,296853,0.957,0.00929,7,0.0837,-3.616,1,0.0409,94.062,4,0.965
72wEtgEkcLQ5x4F4ktiVSH,Pa' Mayté,spotify:track:72wEtgEkcLQ5x4F4ktiVSH,"Carlos Vives, ",0.0287,0.716,188720,0.871,0.00000632,0,0.117,-7.336,0,0.0606,123.851,4,0.966
2cZrrQMjB63c0iIugYH9zS,Rain Over Me,spotify:track:2cZrrQMjB63c0iIugYH9zS,"Pitbull, Marc Anthony, ",0.00416,0.61,231573,0.906,0,0,0.758,-2.117,1,0.0647,127.917,4,0.291
3WXfQDsASfXrSojk9WB3aR,En Barranquilla Me Quedo,spotify:track:3WXfQDsASfXrSojk9WB3aR,"Joe Arroyo, La Verdad, ",0.172,0.642,312480,0.7,0.000232,1,0.0895,-9.213,1,0.0552,103.899,4,0.781
3Rjc14RoRucHhEWvv3W3xW,La Vida Es Un Carnaval,spotify:track:3Rjc14RoRucHhEWvv3W3xW,"Celia Cruz, ",0.439,0.82,275253,0.717,0.00107,8,0.236,-6.191,1,0.0722,104.005,4,0.848
4jNQhO0UX7rwoJ1dqDrH7x,Mujer Latina,spotify:track:4jNQhO0UX7rwoJ1dqDrH7x,"Thalía, ",0.145,0.795,217773,0.967,0.0000065,1,0.0914,-5.489,0,0.081,126.83,4,0.964
3AetZLFrhRzIjNP0laKCLk,El Preso,spotify:track:3AetZLFrhRzIjNP0laKCLk,"Fruko Y Sus Tesos, ",0.157,0.622,294253,0.711,0.00237,5,0.113,-7.263,0,0.039,106.154,4,0.804
23Lgoeqq4qXv5ma7YZmA06,La Tanga,spotify:track:23Lgoeqq4qXv5ma7YZmA06,"Oro Solido, ",0.14,0.652,268107,0.844,0.00000224,11,0.0845,-5.552,1,0.189,84.88,4,0.477
3BmwNuqx9pCqjLplOVNBLY,A Puro Dolor,spotify:track:3BmwNuqx9pCqjLplOVNBLY,"Son By Four, ",0.322,0.463,261360,0.876,0.00000132,1,0.409,-4.837,1,0.0468,92.092,4,0.575
0bIye27QbOvSrTAmCViX5O,La pachanga,spotify:track:0bIye27QbOvSrTAmCViX5O,"Vilma Palma E Vampiros, ",0.00244,0.681,281933,0.918,0.000535,9,0.119,-4.83,0,0.0508,105.031,4,0.552
2wlptOJ1g5fvLdu6ruKCKU,Madre Tierra (Oye),spotify:track:2wlptOJ1g5fvLdu6ruKCKU,"Chayanne, ",0.0183,0.695,205920,0.954,0,0,0.249,-3.501,1,0.0607,124.961,4,0.781
32m3Omefuw5UynvibnMMOY,Fiesta - Remix,spotify:track:32m3Omefuw5UynvibnMMOY,"Bomba Estéreo, Will Smith, Ricky Reed, ",0.00904,0.614,196352,0.907,0.000131,4,0.36,-2.536,0,0.143,122.906,4,0.354
1U1qSHiLsuyVuGawdPfqud,Get Down,spotify:track:1U1qSHiLsuyVuGawdPfqud,"MEG \ NERAK, ",0.0131,0.535,180472,0.993,0.00724,4,0.292,-1.561,0,0.101,127.003,4,0.325
2xg8KF2BrxW70v13Twxw6J,Weekend - East & Young Remix,spotify:track:2xg8KF2BrxW70v13Twxw6J,"Louis The Child, Icona Pop, East & Young, ",0.01,0.834,251565,0.674,0.000034,0,0.0555,-4.476,1,0.0659,126.034,4,0.334
3yT72lp7CMiGKiuqJUq5Ss,Borrowed Lives (feat. NVDES),spotify:track:3yT72lp7CMiGKiuqJUq5Ss,"Pierce Fulton, NVDES, ",0.0711,0.719,313580,0.737,0.00285,2,0.304,-5.219,1,0.032,127.991,4,0.356
5BIjJP1zlOa3iY65RSkXkr,Nevada (feat. Cozi Zuehlsdorff),spotify:track:5BIjJP1zlOa3iY65RSkXkr,"Vicetone, Cozi Zuehlsdorff, ",0.299,0.605,208562,0.783,0.000175,3,0.133,-4.271,1,0.0324,124.015,4,0.102
0yYQiBauQagFpQmEnVnNuB,This Is Love - King Arthur Remix,spotify:track:0yYQiBauQagFpQmEnVnNuB,"Tritonal, Chris Ramos, Shanahan, King Arthur, ",0.000283,0.614,173333,0.884,0.818,9,0.164,-4.754,0,0.0334,125.993,4,0.146
3YZCgdWOQcsPYLQ1pGxAfd,Freak,spotify:track:3YZCgdWOQcsPYLQ1pGxAfd,"R3hab, Quintino, ",0.18,0.679,160476,0.867,0,11,0.667,-3.867,0,0.219,125.988,4,0.62
13HEIb4DeOsMN8x8SxhzN8,So Much Love,spotify:track:13HEIb4DeOsMN8x8SxhzN8,"Muzzaik, Stadiumx, ",0.000973,0.653,185669,0.934,0.000512,7,0.144,-2.878,1,0.295,127.029,4,0.53
2iwuVfywrt9K29Rc8opPOp,This One's For You (feat. Zara Larsson) - Faustix Remix; Official Song UEFA EURO 2016,spotify:track:2iwuVfywrt9K29Rc8opPOp,"David Guetta, Zara Larsson, Faustix, ",0.00676,0.554,184500,0.798,0.000334,9,0.0502,-5.821,0,0.0411,109.967,4,0.47
7Ct0Q46k5PkXzYiNE5D2dn,Summer on You,spotify:track:7Ct0Q46k5PkXzYiNE5D2dn,"Sam Feldt, Lucas & Steve, Wulf, ",0.0295,0.731,160009,0.727,0.00000456,7,0.171,-5.608,0,0.0356,120.968,4,0.616
78XHc4YZBHwdEI3W2iL86Q,Long Way Home,spotify:track:78XHc4YZBHwdEI3W2iL86Q,"Paris & Simo, Joey Dale, Brandon Lehti, ",0.00196,0.455,196766,0.791,0,9,0.489,-3.996,1,0.0386,128.032,4,0.289
2QtUFjtiqu0dQsHzxMQA72,Once Upon A Time,spotify:track:2QtUFjtiqu0dQsHzxMQA72,"Kill The Buzz, Harrison, ",0.0512,0.489,219070,0.898,0,9,0.341,-3.466,0,0.0683,129.156,4,0.342
7JGqyqdzijtJeqVRhADFZd,Bring Back the Summer (feat. OLY),spotify:track:7JGqyqdzijtJeqVRhADFZd,"Rain Man, OLY, ",0.0691,0.654,200204,0.752,0.00000179,11,0.077,-3.676,0,0.0316,97.998,4,0.475
3UAJsFLo2Bx6IEof6xPyBn,Never Giving Up,spotify:track:3UAJsFLo2Bx6IEof6xPyBn,"Tom Swoon, ",0.00244,0.514,202500,0.753,0,1,0.107,-7.536,1,0.0654,128.063,4,0.209
34P8D49tOZahwQRePYGEIt,The Touch,spotify:track:34P8D49tOZahwQRePYGEIt,"KOLAJ, ",0.00954,0.643,250720,0.765,0.00317,0,0.0411,-6.044,1,0.0336,111.972,4,0.337
6LPmoKUMMNVHHTmkIxpJ6d,Piece Of Me,spotify:track:6LPmoKUMMNVHHTmkIxpJ6d,"MK, Becky Hill, ",0.00721,0.678,187510,0.917,0,5,0.269,-2.318,0,0.0796,121.962,4,0.683
1qnveWkOeefToJrPGWRlDg,Summer Heat - Radio Mix,spotify:track:1qnveWkOeefToJrPGWRlDg,"Solidisco, ",0.00552,0.735,174146,0.664,0,0,0.0755,-5.297,0,0.0331,122.888,4,0.591
408FKTb5iuLm0f978MOfxF,Hands,spotify:track:408FKTb5iuLm0f978MOfxF,"Gareth Emery, Alastor, London Thor, ",0.0227,0.549,262165,0.767,0.000207,7,0.165,-5.836,1,0.069,128.046,4,0.218
0AO9DGpcykQBK34LwYRBaj,I'm In Love - Tom Swoon Remix Edit,spotify:track:0AO9DGpcykQBK34LwYRBaj,"Djerem, Tom Swoon, ",0.292,0.686,156190,0.917,0.000401,3,0.212,-2.725,1,0.0382,125.99,4,0.421
04xv54hUEufXk0GVTSQ5C9,U Are,spotify:track:04xv54hUEufXk0GVTSQ5C9,"Paul Oakenfold, Amba Shepherd, BRKLYN, ",0.0313,0.501,237661,0.74,0,10,0.337,-5.125,1,0.0569,127.97,4,0.187
0Z98glGrCngj9wnW6Wkpsh,Para Voce - 2016 Summer Mix,spotify:track:0Z98glGrCngj9wnW6Wkpsh,"Gregor Salto, Curio Capoeira, ",0.0122,0.771,152230,0.888,0,7,0.129,-3.956,1,0.0548,126.986,4,0.787
6NSjdFYF2zxgQ7UvsKoRxy,Jackpot (The Him Remix),spotify:track:6NSjdFYF2zxgQ7UvsKoRxy,"Jocelyn Alice, ",0.021,0.624,190820,0.864,0.000407,2,0.233,-5.341,1,0.0564,122.03,4,0.409
4D4lv6Qps2bdndqLPYBlqu,All Four Walls,spotify:track:4D4lv6Qps2bdndqLPYBlqu,"Gorgon City, Vaults, ",0.0176,0.578,192070,0.855,0.0411,5,0.0734,-6.246,0,0.0362,123.975,4,0.693
3yoNx32KYIWl6usnkZ7cBR,Doppler,spotify:track:3yoNx32KYIWl6usnkZ7cBR,"Madison Mars, ",0.00442,0.442,211607,0.892,0.381,1,0.04,-2.762,1,0.0614,125.869,4,0.206
4EupaZnUh9CBOTisAoGesq,Right Now - Sam Feldt Radio Edit,spotify:track:4EupaZnUh9CBOTisAoGesq,"King Arthur, Sam Feldt, Trm, ",0.152,0.657,197584,0.941,0.00000376,4,0.282,-2.255,1,0.033,123.075,4,0.608
0KklLSXgYW5k4m78YaBIIt,Something Better - Two Friends Remix,spotify:track:0KklLSXgYW5k4m78YaBIIt,"Audien, Lady Antebellum, ",0.375,0.69,265893,0.911,0.00176,2,0.0744,-4.422,1,0.0888,125.986,4,0.328
4bU1Jfv68V1Ea9Zro51J2o,Silhouette,spotify:track:4bU1Jfv68V1Ea9Zro51J2o,"Goldroom, ",0.0804,0.702,268053,0.651,0.11,9,0.121,-7.072,0,0.037,114.984,4,0.215
0TGZE5GTnoljbhWjJe8IU2,Feel Right,spotify:track:0TGZE5GTnoljbhWjJe8IU2,"Wolfgang Gartner, J Hart, ",0.00671,0.504,195760,0.877,0,9,0.093,-4.077,1,0.0478,128.107,4,0.0844
2POSuQsl1kR3kqaJIuLooH,Summer Dream,spotify:track:2POSuQsl1kR3kqaJIuLooH,"Markus Schulz, Mia Koo, ",0.386,0.476,203558,0.799,0,11,0.186,-5.109,0,0.257,127.569,4,0.54
5iBKjuwu9ejyHOtK9Vgauy,Broken Drum (feat. Fitz of Fitz and The Tantrums),spotify:track:5iBKjuwu9ejyHOtK9Vgauy,"Cash Cash, Fitz and The Tantrums, ",0.0625,0.657,198227,0.893,0,7,0.0688,-2.416,1,0.0739,127.992,4,0.516
6F1kPSgdnlSzZRfskE9vaV,Lions in the Wild,spotify:track:6F1kPSgdnlSzZRfskE9vaV,"Martin Garrix, Third Party, ",0.00434,0.504,211890,0.847,0,7,0.816,-6.81,0,0.0442,127.854,4,0.279
64BbRFQBFPpSKhmCZ5w7K1,How Many,spotify:track:64BbRFQBFPpSKhmCZ5w7K1,"W&W, ",0.04,0.554,168250,0.884,0.000225,4,0.132,-3.548,0,0.108,128.036,4,0.218
3fvNrRsXutjz8ZuMS67eBN,Summer Nights - Tiësto’s Deep House Remix,spotify:track:3fvNrRsXutjz8ZuMS67eBN,"Tiësto, John Legend, ",0.0114,0.616,192097,0.887,0,5,0.387,-3.914,0,0.0568,123.984,4,0.427
6ciGkYEEqNtesCLLKxeobq,Freefall - Manse Remix,spotify:track:6ciGkYEEqNtesCLLKxeobq,"Armin van Buuren, BullySongs, Manse, ",0.0931,0.409,153398,0.633,0.00000138,2,0.534,-6.402,1,0.0401,128.067,4,0.23
2ig0x2zNvcOugS1Z0YCnHb,Is It Love,spotify:track:2ig0x2zNvcOugS1Z0YCnHb,"3LAU, Yeah Boy, ",0.0671,0.643,228960,0.742,0.00379,9,0.161,-7.2,1,0.0412,125.001,4,0.296
5cNy5tzvHFiOXZMjFjhh4S,Halo,spotify:track:5cNy5tzvHFiOXZMjFjhh4S,"Codeko, Envy Monroe, ",0.017,0.588,215625,0.969,0.0218,5,0.369,-2.577,0,0.0518,127.961,4,0.216
1tvJeJdiAudDVUemYryJAA,Anything,spotify:track:1tvJeJdiAudDVUemYryJAA,"Rodrigo Deem, Las Salinas, Emily Harder, ",0.0208,0.615,189583,0.971,0.0108,10,0.126,-5.689,0,0.151,127.995,4,0.324
19nmphx2ubJiYnZBMMI6ud,Broken Souls,spotify:track:19nmphx2ubJiYnZBMMI6ud,"APEK, Shanahan, Andrew Jackson, ",0.145,0.587,220312,0.769,0,7,0.0839,-5.977,0,0.045,127.945,4,0.371
0sngiVJyKV4dysUNCmkTi9,Disappear,spotify:track:0sngiVJyKV4dysUNCmkTi9,"Tom Staar, NEW_ID, ",0.00378,0.554,215510,0.974,0.0000133,0,0.415,-3.092,1,0.0553,125.976,4,0.439
4XymYQMoYQM7tvquz1ep9h,Cool,spotify:track:4XymYQMoYQM7tvquz1ep9h,"Alesso, Roy English, ",0.0277,0.532,221667,0.847,0,6,0.451,-2.408,0,0.0312,128.01,4,0.492
1Hk0QRlUFCHYG6zIvUh0Xd,Summer,spotify:track:1Hk0QRlUFCHYG6zIvUh0Xd,"Marshmello, ",0.00695,0.583,233239,0.748,0.0241,6,0.22,-4.798,1,0.0292,142.029,4,0.234
5Lt0L3Hc2eSZXPIOGWXcd8,Leave A Trace - Goldroom Remix,spotify:track:5Lt0L3Hc2eSZXPIOGWXcd8,"CHVRCHES, ",0.168,0.722,299063,0.789,0.0177,9,0.0913,-5.484,1,0.041,112.001,4,0.0469
5tyymOcWpbYH54XPj8HHKv,Headlights,spotify:track:5tyymOcWpbYH54XPj8HHKv,"Suspect 44, ",0.00326,0.467,200250,0.925,0.000106,4,0.107,-4.43,1,0.0792,128.034,4,0.341
1vRXhOBDrznl2npy73RitV,Rooms,spotify:track:1vRXhOBDrznl2npy73RitV,"Audien, ",0.0145,0.633,199687,0.918,0.0236,2,0.176,-2.508,1,0.0481,127.941,4,0.164
172yqxTuPMYxwCrlh9nInL,Goombah,spotify:track:172yqxTuPMYxwCrlh9nInL,"EDX, ",0.0092,0.828,187008,0.867,0.0664,1,0.125,-5.247,1,0.0809,121.991,4,0.39
